protocol,nUavs,mobility,seed,simTime,pdr,pdr_source,totalGenerated,totalDelivered,flowMonitorDelivered,flowMonitorLost,avgDelay,throughput,avgAoI,ctrlOverhead,energyPerBit,brr,broadcasts,suppressed,totalEnergy,byzFraction,byzantineDrops,dataReceptions,duplicateReceptions,uniquePacketsSeen,rebroadcasts,rebroadcastSuppressions,redundancyRatio,savedRebroadcastRatio,broadcastPathLength,emergencyForwarded,emergencySuppressed,emergencyNonSuppressionRate,__source
astro,20,gm3d,3001,30,95.6679,app,554,530,0,0,0.926415,45.7899,981.273,75.6196,364.77,19028,19028,668,501.084,0.1,510,149512,139472,10040,9514,16,93.2848,0.167891,0.15062,764,0,100,ns-allinone-3.29/ns-3.29/results/corrected-security-campaign/astro_n20_gm3d_s3001_bz0.1/astro_n20_gm3d_s3001_bz10.csv
astro,20,gm3d,3001,30,94.2308,app,572,539,0,0,0.71243,45.8752,968.763,75.1438,364.131,18490,18490,666,501.137,0.2,1042,151307,141006,10301,9245,14,93.192,0.151204,0.151217,1078,0,100,ns-allinone-3.29/ns-3.29/results/corrected-security-campaign/astro_n20_gm3d_s3001_bz0.2/astro_n20_gm3d_s3001_bz20.csv
astro,20,gm3d,3002,30,95.3668,app,518,494,0,0,0.649798,41.1307,1057.09,77.5224,405.919,18158,18158,653,500.871,0.1,486,152762,143182,9580,9079,15,93.7288,0.164944,0.174138,1064,0,100,ns-allinone-3.29/ns-3.29/results/corrected-security-campaign/astro_n20_gm3d_s3002_bz0.1/astro_n20_gm3d_s3002_bz10.csv
astro,20,gm3d,3002,30,94.8122,app,559,530,0,0,0.686792,45.2437,985.531,75.7773,369.196,17916,17916,653,501.114,0.2,987,152830,142870,9960,8958,15,93.483,0.167168,0.16756,813,0,100,ns-allinone-3.29/ns-3.29/results/corrected-security-campaign/astro_n20_gm3d_s3002_bz0.2/astro_n20_gm3d_s3002_bz20.csv
astro,20,gm3d,3003,30,94.1681,app,583,549,0,0,0.947177,46.9845,932.068,75.021,355.845,19954,19954,663,501.576,0.1,541,159535,148994,10541,9977,23,93.3927,0.23,0.121479,933,0,100,ns-allinone-3.29/ns-3.29/results/corrected-security-campaign/astro_n20_gm3d_s3003_bz0.1/astro_n20_gm3d_s3003_bz10.csv
astro,20,gm3d,3003,30,95.0549,app,546,519,0,0,0.691715,44.4245,995.683,76.2345,375.963,17462,17462,657,501.06,0.2,972,150493,140773,9720,8731,17,93.5412,0.19433,0.117627,751,0,100,ns-allinone-3.29/ns-3.29/results/corrected-security-campaign/astro_n20_gm3d_s3003_bz0.2/astro_n20_gm3d_s3003_bz20.csv
astro,20,gm3d,3004,30,95.1134,app,573,545,0,0,0.717431,45.2779,950.543,75.659,369.192,19354,19354,649,501.487,0.1,494,158593,148412,10181,9677,10,93.5804,0.103231,0.156763,818,0,100,ns-allinone-3.29/ns-3.29/results/corrected-security-campaign/astro_n20_gm3d_s3004_bz0.1/astro_n20_gm3d_s3004_bz10.csv
astro,20,gm3d,3004,30,94.6367,app,578,547,0,0,0.904936,46.0629,948.501,75.3777,362.851,18910,18910,654,501.419,0.2,1011,157849,147368,10481,9455,15,93.3601,0.158395,0.15431,915,0,100,ns-allinone-3.29/ns-3.29/results/corrected-security-campaign/astro_n20_gm3d_s3004_bz0.2/astro_n20_gm3d_s3004_bz20.csv
astro,20,gm3d,3005,30,93.8406,app,552,518,0,0,1.2027,46.2848,1010.29,75.3907,361.185,18940,18940,669,501.521,0.1,492,153744,143760,9984,9470,22,93.5061,0.231774,0.157973,730,0,100,ns-allinone-3.29/ns-3.29/results/corrected-security-campaign/astro_n20_gm3d_s3005_bz0.1/astro_n20_gm3d_s3005_bz10.csv
astro,20,gm3d,3005,30,94.709,app,567,537,0,0,0.614525,45.9605,968.507,75.4168,363.562,18384,18384,670,501.285,0.2,1025,154752,144512,10240,9192,23,93.383,0.249593,0.134682,1012,0,100,ns-allinone-3.29/ns-3.29/results/corrected-security-campaign/astro_n20_gm3d_s3005_bz0.2/astro_n20_gm3d_s3005_bz20.csv
astro,20,rpgm,3001,30,95.0791,app,569,541,0,0,1.16636,47.3771,966.405,75.092,352.784,19678,19678,680,501.416,0.1,522,149763,139357,10406,9839,45,93.0517,0.455281,0.151641,945,0,100,ns-allinone-3.29/ns-3.29/results/corrected-security-campaign/astro_n20_rpgm_s3001_bz0.1/astro_n20_rpgm_s3001_bz10.csv
astro,20,rpgm,3001,30,94.708,app,548,519,0,0,0.822736,44.2539,979.218,76.1879,377.05,17484,17484,673,500.578,0.2,983,142378,132615,9763,8742,38,93.1429,0.432802,0.141043,1095,0,100,ns-allinone-3.29/ns-3.29/results/corrected-security-campaign/astro_n20_rpgm_s3001_bz0.2/astro_n20_rpgm_s3001_bz20.csv
astro,20,rpgm,3002,30,93.6953,app,571,535,0,0,1.08411,48.2475,966.462,74.3429,346.782,19720,19720,690,501.94,0.1,529,157748,147308,10440,9860,51,93.3818,0.51458,0.132759,1156,0,100,ns-allinone-3.29/ns-3.29/results/corrected-security-campaign/astro_n20_rpgm_s3002_bz0.1/astro_n20_rpgm_s3002_bz10.csv
astro,20,rpgm,3002,30,94.7099,app,586,555,0,0,0.958559,46.7968,939.736,75.1373,357.272,18946,18946,686,501.575,0.2,1083,156719,146116,10603,9473,47,93.2344,0.493697,0.128998,790,0,100,ns-allinone-3.29/ns-3.29/results/corrected-security-campaign/astro_n20_rpgm_s3002_bz0.2/astro_n20_rpgm_s3002_bz20.csv
astro,20,rpgm,3003,30,94.6037,app,593,561,0,0,0.905526,47.8208,924.51,74.8214,349.851,20414,20414,669,501.904,0.1,532,160184,149404,10780,10207,41,93.2702,0.400078,0.0988537,1180,0,100,ns-allinone-3.29/ns-3.29/results/corrected-security-campaign/astro_n20_rpgm_s3003_bz0.1/astro_n20_rpgm_s3003_bz10.csv
astro,20,rpgm,3003,30,94.5035,app,564,533,0,0,0.923077,44.544,963.462,76.0948,375.132,18348,18348,667,501.296,0.2,1049,153088,142826,10262,9174,39,93.2967,0.423315,0.11053,888,0,100,ns-allinone-3.29/ns-3.29/results/corrected-security-campaign/astro_n20_rpgm_s3003_bz0.2/astro_n20_rpgm_s3003_bz20.csv
astro,20,rpgm,3004,30,95.3448,app,580,553,0,0,1.01989,48.2987,937.253,74.5527,346.231,20152,20152,685,501.675,0.1,494,155254,144634,10620,10076,50,93.1596,0.493778,0.143708,1055,0,100,ns-allinone-3.29/ns-3.29/results/corrected-security-campaign/astro_n20_rpgm_s3004_bz0.1/astro_n20_rpgm_s3004_bz10.csv
astro,20,rpgm,3004,30,94.9153,app,531,504,0,0,0.910714,46.5237,1008.1,75.2346,358.95,17302,17302,685,500.991,0.2,939,142697,133057,9640,8651,50,93.2444,0.574647,0.15085,878,0,100,ns-allinone-3.29/ns-3.29/results/corrected-security-campaign/astro_n20_rpgm_s3004_bz0.2/astro_n20_rpgm_s3004_bz20.csv
astro,20,rpgm,3005,30,94.4631,app,596,563,0,0,0.865009,46.3531,930.18,75.1957,360.797,19864,19864,682,501.722,0.1,526,159916,149416,10500,9932,42,93.4341,0.421095,0.117096,1178,0,100,ns-allinone-3.29/ns-3.29/results/corrected-security-campaign/astro_n20_rpgm_s3005_bz0.1/astro_n20_rpgm_s3005_bz10.csv
astro,20,rpgm,3005,30,94.5993,app,574,543,0,0,0.92081,48.0597,963.398,74.591,347.895,18426,18426,675,501.592,0.2,1017,152673,142408,10265,9213,35,93.2765,0.37846,0.118203,1117,0,100,ns-allinone-3.29/ns-3.29/results/corrected-security-campaign/astro_n20_rpgm_s3005_bz0.2/astro_n20_rpgm_s3005_bz20.csv
cb,20,gm3d,3001,30,96.1938,app,578,556,0,0,0.196043,48.2645,942.403,74.7572,344.029,4752,4752,8410,498.132,0.1,546,102656,91976,10680,2376,7758,89.5963,76.5542,0.122054,168,786,17.6101,ns-allinone-3.29/ns-3.29/results/corrected-security-campaign/cb_n20_gm3d_s3001_bz0.1/cb_n20_gm3d_s3001_bz10.csv
cb,20,gm3d,3001,30,96.3415,app,574,553,0,0,0.135624,48.4011,949.788,74.7572,342.972,4452,4452,7902,498.007,0.2,1044,100541,90021,10520,2226,7250,89.5366,76.5091,0.119048,191,801,19.254,ns-allinone-3.29/ns-3.29/results/corrected-security-campaign/cb_n20_gm3d_s3001_bz0.2/cb_n20_gm3d_s3001_bz20.csv
cb,20,gm3d,3002,30,96.0854,app,562,540,0,0,0.135185,44.5952,953.746,76.1812,372.429,4122,4122,8380,498.257,0.1,537,107715,97375,10340,2061,7742,90.4006,78.9758,0.168365,142,824,14.6998,ns-allinone-3.29/ns-3.29/results/corrected-security-campaign/cb_n20_gm3d_s3002_bz0.1/cb_n20_gm3d_s3002_bz10.csv
cb,20,gm3d,3002,30,95.8955,app,536,514,0,0,0.169261,45.2949,1003.57,75.9159,366.57,3826,3826,7520,498.113,0.2,966,104133,94372,9761,1913,6882,90.6264,78.249,0.164663,157,727,17.7602,ns-allinone-3.29/ns-3.29/results/corrected-security-campaign/cb_n20_gm3d_s3002_bz0.2/cb_n20_gm3d_s3002_bz20.csv
cb,20,gm3d,3003,30,96.0854,app,562,540,0,0,0.142593,45.9605,960.381,75.6852,361.242,3976,3976,8264,498.086,0.1,488,103532,93432,10100,1988,7624,90.2446,79.3175,0.136821,177,999,15.051,ns-allinone-3.29/ns-3.29/results/corrected-security-campaign/cb_n20_gm3d_s3003_bz0.1/cb_n20_gm3d_s3003_bz10.csv
cb,20,gm3d,3003,30,96.0377,app,530,509,0,0,0.117878,43.2811,1014.78,76.7986,383.367,3744,3744,7396,497.776,0.2,972,100058,90458,9600,1872,6756,90.4056,78.3032,0.133013,148,715,17.1495,ns-allinone-3.29/ns-3.29/results/corrected-security-campaign/cb_n20_gm3d_s3003_bz0.2/cb_n20_gm3d_s3003_bz20.csv
cb,20,gm3d,3004,30,96.16,app,625,601,0,0,0.211314,50.0053,871.639,74.1028,332.536,4852,4852,9070,498.858,0.1,585,114331,102889,11442,2426,8431,89.9922,77.655,0.121187,133,688,16.1998,ns-allinone-3.29/ns-3.29/results/corrected-security-campaign/cb_n20_gm3d_s3004_bz0.1/cb_n20_gm3d_s3004_bz10.csv
cb,20,gm3d,3004,30,96.3087,app,596,574,0,0,0.109756,49.2373,928.202,74.4191,337.624,4470,4470,8326,498.711,0.2,1058,111701,100721,10980,2235,7687,90.1702,77.4743,0.110962,154,814,15.9091,ns-allinone-3.29/ns-3.29/results/corrected-security-campaign/cb_n20_gm3d_s3004_bz0.2/cb_n20_gm3d_s3004_bz20.csv
cb,20,gm3d,3005,30,95.941,app,542,520,0,0,0.126923,44.5781,1000.15,76.2679,372.695,4218,4218,7949,498.421,0.1,489,107676,97776,9900,2109,7302,90.8058,77.5901,0.126126,137,756,15.3415,ns-allinone-3.29/ns-3.29/results/corrected-security-campaign/cb_n20_gm3d_s3005_bz0.1/cb_n20_gm3d_s3005_bz10.csv
cb,20,gm3d,3005,30,96.4883,app,598,577,0,0,0.155979,50.5515,906.004,73.9896,328.918,4570,4570,8345,498.818,0.2,1158,112151,101010,11141,2285,7698,90.0661,77.1111,0.126477,173,814,17.5279,ns-allinone-3.29/ns-3.29/results/corrected-security-campaign/cb_n20_gm3d_s3005_bz0.2/cb_n20_gm3d_s3005_bz20.csv
cb,20,rpgm,3001,30,96.3211,app,598,576,0,0,0.137153,48.9131,895.863,74.7444,339.462,4658,4658,8795,498.124,0.1,571,101859,90799,11060,2329,8160,89.1419,77.7958,0.112924,146,741,16.46,ns-allinone-3.29/ns-3.29/results/corrected-security-campaign/cb_n20_rpgm_s3001_bz0.1/cb_n20_rpgm_s3001_bz10.csv
cb,20,rpgm,3001,30,96.1806,app,576,554,0,0,0.169675,46.6091,932.255,75.5606,355.97,4338,4338,7951,497.743,0.2,1075,97018,86458,10560,2169,7316,89.1154,77.1323,0.124481,156,718,17.849,ns-allinone-3.29/ns-3.29/results/corrected-security-campaign/cb_n20_rpgm_s3001_bz0.2/cb_n20_rpgm_s3001_bz20.csv
cb,20,rpgm,3002,30,96.2585,app,588,566,0,0,0.167845,50.688,928.432,74.0336,327.832,4450,4450,8658,498.515,0.1,536,106908,96128,10780,2225,8019,89.9166,78.28,0.13618,205,926,18.1256,ns-allinone-3.29/ns-3.29/results/corrected-security-campaign/cb_n20_rpgm_s3002_bz0.1/cb_n20_rpgm_s3002_bz10.csv
cb,20,rpgm,3002,30,96.6044,app,589,569,0,0,0.186292,48.5717,918.355,74.8599,341.95,4166,4166,8421,498.273,0.2,1095,106119,95159,10960,2083,7782,89.672,78.8849,0.145463,249,1163,17.6346,ns-allinone-3.29/ns-3.29/results/corrected-security-campaign/cb_n20_rpgm_s3002_bz0.2/cb_n20_rpgm_s3002_bz20.csv
cb,20,rpgm,3003,30,95.9002,app,561,538,0,0,0.165428,44.9877,954.311,76.2478,369.06,4172,4172,8309,498.096,0.1,514,102290,92009,10281,2086,7681,89.9492,78.6424,0.106903,176,836,17.3913,ns-allinone-3.29/ns-3.29/results/corrected-security-campaign/cb_n20_rpgm_s3003_bz0.1/cb_n20_rpgm_s3003_bz10.csv
cb,20,rpgm,3003,30,96.3636,app,550,530,0,0,0.137736,45.7557,980.859,75.9291,362.739,3836,3836,7519,497.922,0.2,971,99517,89737,9780,1918,6891,90.1725,78.2268,0.11001,154,732,17.3815,ns-allinone-3.29/ns-3.29/results/corrected-security-campaign/cb_n20_rpgm_s3003_bz0.2/cb_n20_rpgm_s3003_bz20.csv
cb,20,rpgm,3004,30,96.6102,app,590,570,0,0,0.289474,51.2853,922.722,73.6272,323.913,4694,4694,8453,498.359,0.1,515,103044,92364,10680,2347,7818,89.6355,76.911,0.120579,131,757,14.7523,ns-allinone-3.29/ns-3.29/results/corrected-security-campaign/cb_n20_rpgm_s3004_bz0.1/cb_n20_rpgm_s3004_bz10.csv
cb,20,rpgm,3004,30,96.4158,app,558,538,0,0,0.200743,47.3771,966.792,75.0985,350.36,4212,4212,7789,497.971,0.2,1000,99480,89220,10260,2106,7154,89.6864,77.257,0.129155,156,655,19.2355,ns-allinone-3.29/ns-3.29/results/corrected-security-campaign/cb_n20_rpgm_s3004_bz0.2/cb_n20_rpgm_s3004_bz20.csv
cb,20,rpgm,3005,30,96.4664,app,566,546,0,0,0.192308,46.5237,946.384,75.5737,356.951,4368,4368,8343,498.201,0.1,513,103874,93474,10400,2184,7703,89.9879,77.9104,0.144231,178,905,16.4358,ns-allinone-3.29/ns-3.29/results/corrected-security-campaign/cb_n20_rpgm_s3005_bz0.1/cb_n20_rpgm_s3005_bz10.csv
cb,20,rpgm,3005,30,95.9854,app,548,526,0,0,0.192015,46.1141,994.31,75.5803,360.124,4212,4212,7693,498.204,0.2,1001,103355,93195,10160,2106,7053,90.1698,77.0062,0.155271,181,904,16.682,ns-allinone-3.29/ns-3.29/results/corrected-security-campaign/cb_n20_rpgm_s3005_bz0.2/cb_n20_rpgm_s3005_bz20.csv
pr,20,gm3d,3001,30,95.3608,app,582,555,0,0,0.477477,48.5547,919.966,74.6165,343.48,11844,11844,4754,500.327,0.1,540,134932,124368,10564,5922,4102,92.1709,40.9218,0.133063,528,362,59.3258,ns-allinone-3.29/ns-3.29/results/corrected-security-campaign/pr_n20_gm3d_s3001_bz0.1/pr_n20_gm3d_s3001_bz10.csv
pr,20,gm3d,3001,30,95.1424,app,597,568,0,0,0.452465,50.4149,918.703,73.7206,330.833,11794,11794,4697,500.367,0.2,1081,134628,123605,11023,5897,4045,91.8123,40.686,0.137358,608,435,58.2934,ns-allinone-3.29/ns-3.29/results/corrected-security-campaign/pr_n20_gm3d_s3001_bz0.2/pr_n20_gm3d_s3001_bz20.csv
pr,20,gm3d,3002,30,95.3875,app,542,517,0,0,0.516441,44.5781,1005.73,76.0948,373.993,11136,11136,4424,500.157,0.1,489,135224,125381,9843,5568,3786,92.721,40.4747,0.141164,577,417,58.0483,ns-allinone-3.29/ns-3.29/results/corrected-security-campaign/pr_n20_gm3d_s3002_bz0.1/pr_n20_gm3d_s3002_bz10.csv
pr,20,gm3d,3002,30,95.4802,app,531,507,0,0,0.285996,41.2672,1024.11,77.426,403.682,10370,10370,4186,499.765,0.2,969,133331,123629,9702,5185,3548,92.7234,40.6275,0.136355,550,374,59.5238,ns-allinone-3.29/ns-3.29/results/corrected-security-campaign/pr_n20_gm3d_s3002_bz0.2/pr_n20_gm3d_s3002_bz20.csv
pr,20,gm3d,3003,30,95.3819,app,563,537,0,0,0.426443,46.4725,965.34,75.4821,358.824,11724,11724,4642,500.263,0.1,516,136902,126522,10380,5862,4002,92.4179,40.5718,0.113443,564,388,59.2437,ns-allinone-3.29/ns-3.29/results/corrected-security-campaign/pr_n20_gm3d_s3003_bz0.1/pr_n20_gm3d_s3003_bz10.csv
pr,20,gm3d,3003,30,95.1763,app,539,513,0,0,0.341131,43.6224,1008.49,76.4685,381.895,10346,10346,4162,499.776,0.2,971,130534,120868,9666,5173,3522,92.595,40.506,0.110961,518,357,59.2,ns-allinone-3.29/ns-3.29/results/corrected-security-campaign/pr_n20_gm3d_s3003_bz0.2/pr_n20_gm3d_s3003_bz20.csv
pr,20,gm3d,3004,30,94.7177,app,549,520,0,0,0.490385,43.5712,992.28,76.2812,382.59,11238,11238,4397,500.097,0.1,455,136039,126207,9832,5619,3758,92.7727,40.0768,0.134544,545,323,62.788,ns-allinone-3.29/ns-3.29/results/corrected-security-campaign/pr_n20_gm3d_s3004_bz0.1/pr_n20_gm3d_s3004_bz10.csv
pr,20,gm3d,3004,30,95.7265,app,585,560,0,0,0.510714,47.8549,940.107,74.8278,348.607,11352,11352,4475,500.476,0.2,1029,139490,128949,10541,5676,3836,92.4432,40.328,0.134954,489,347,58.4928,ns-allinone-3.29/ns-3.29/results/corrected-security-campaign/pr_n20_gm3d_s3004_bz0.2/pr_n20_gm3d_s3004_bz20.csv
pr,20,gm3d,3005,30,95.5932,app,590,564,0,0,0.390071,48.0256,931.671,74.8214,347.532,12260,12260,4717,500.713,0.1,544,143152,132408,10744,6130,4070,92.4947,39.902,0.105057,630,410,60.5769,ns-allinone-3.29/ns-3.29/results/corrected-security-campaign/pr_n20_gm3d_s3005_bz0.1/pr_n20_gm3d_s3005_bz10.csv
pr,20,gm3d,3005,30,94.8854,app,567,538,0,0,0.410781,46.0117,964.589,75.4886,362.515,11112,11112,4340,500.399,0.2,1058,138272,127965,10307,5556,3693,92.5459,39.9286,0.107091,492,371,57.0104,ns-allinone-3.29/ns-3.29/results/corrected-security-campaign/pr_n20_gm3d_s3005_bz0.2/pr_n20_gm3d_s3005_bz20.csv
pr,20,rpgm,3001,30,94.7653,app,554,525,0,0,0.470476,44.8683,998.653,75.9688,371.133,11098,11098,4501,499.563,0.1,493,124461,114553,9908,5549,3866,92.0393,41.0621,0.131375,506,353,58.9057,ns-allinone-3.29/ns-3.29/results/corrected-security-campaign/pr_n20_rpgm_s3001_bz0.1/pr_n20_rpgm_s3001_bz10.csv
pr,20,rpgm,3001,30,95.5437,app,561,536,0,0,0.393657,46.7456,966.665,75.5083,356.382,10856,10856,4423,499.778,0.2,1064,125945,115665,10280,5428,3788,91.8377,41.1024,0.119197,475,293,61.849,ns-allinone-3.29/ns-3.29/results/corrected-security-campaign/pr_n20_rpgm_s3001_bz0.2/pr_n20_rpgm_s3001_bz20.csv
pr,20,rpgm,3002,30,95.8633,app,556,533,0,0,0.45591,47.1211,967.996,75.3061,354.107,11566,11566,4554,500.577,0.1,527,137818,127593,10225,5783,3915,92.5808,40.3691,0.11603,618,420,59.5376,ns-allinone-3.29/ns-3.29/results/corrected-security-campaign/pr_n20_rpgm_s3002_bz0.1/pr_n20_rpgm_s3002_bz10.csv
pr,20,rpgm,3002,30,94.3878,app,588,555,0,0,0.427027,48.2475,938.622,74.4635,345.708,11264,11264,4456,500.386,0.2,1069,135675,125157,10518,5632,3817,92.2477,40.3958,0.110973,452,307,59.552,ns-allinone-3.29/ns-3.29/results/corrected-security-campaign/pr_n20_rpgm_s3002_bz0.2/pr_n20_rpgm_s3002_bz20.csv
pr,20,rpgm,3003,30,95.614,app,570,545,0,0,0.436697,46.3531,942.522,75.705,359.791,11634,11634,4586,500.322,0.1,500,134813,124538,10275,5817,3958,92.3783,40.491,0.0997078,572,384,59.8326,ns-allinone-3.29/ns-3.29/results/corrected-security-campaign/pr_n20_rpgm_s3003_bz0.1/pr_n20_rpgm_s3003_bz10.csv
pr,20,rpgm,3003,30,95.0758,app,528,502,0,0,0.366534,42.0352,1033.02,77.1929,396.285,10324,10324,4133,499.737,0.2,918,128680,119095,9585,5162,3505,92.5513,40.4408,0.0786517,655,418,61.0438,ns-allinone-3.29/ns-3.29/results/corrected-security-campaign/pr_n20_rpgm_s3003_bz0.2/pr_n20_rpgm_s3003_bz20.csv
pr,20,rpgm,3004,30,95.5707,app,587,561,0,0,0.561497,49.5787,930.009,74.0839,336.407,12012,12012,4673,500.358,0.1,521,133261,122696,10565,6006,4038,92.0719,40.2031,0.118382,516,302,63.0807,ns-allinone-3.29/ns-3.29/results/corrected-security-campaign/pr_n20_rpgm_s3004_bz0.1/pr_n20_rpgm_s3004_bz10.csv
pr,20,rpgm,3004,30,94.9911,app,559,531,0,0,0.425612,47.0357,990.8,74.9243,354.371,10918,10918,4286,500.043,0.2,975,129566,119481,10085,5459,3651,92.2163,40.0768,0.113757,630,406,60.8108,ns-allinone-3.29/ns-3.29/results/corrected-security-campaign/pr_n20_rpgm_s3004_bz0.2/pr_n20_rpgm_s3004_bz20.csv
pr,20,rpgm,3005,30,93.9344,app,610,573,0,0,0.472949,48.7765,901.767,74.2986,342.179,12468,12468,4771,500.709,0.1,564,141057,130128,10929,6234,4131,92.2521,39.8553,0.105229,738,454,61.9128,ns-allinone-3.29/ns-3.29/results/corrected-security-campaign/pr_n20_rpgm_s3005_bz0.1/pr_n20_rpgm_s3005_bz10.csv
pr,20,rpgm,3005,30,94.386,app,570,538,0,0,0.628253,46.5237,974.878,75.2086,358.425,11058,11058,4306,500.258,0.2,1041,133517,123281,10236,5529,3666,92.3336,39.8695,0.123892,486,297,62.069,ns-allinone-3.29/ns-3.29/results/corrected-security-campaign/pr_n20_rpgm_s3005_bz0.2/pr_n20_rpgm_s3005_bz20.csv
sba,20,gm3d,3001,30,95.3737,app,562,536,0,0,0.80597,45.056,971.103,75.8696,372.604,19164,19164,652,503.641,0.1,538,171678,161558,10120,9582,0,94.1052,0,0.15717,761,0,100,ns-allinone-3.29/ns-3.29/results/corrected-security-campaign/sba_n20_gm3d_s3001_bz0.1/sba_n20_gm3d_s3001_bz10.csv
sba,20,gm3d,3001,30,95.2555,app,548,522,0,0,0.796935,44.4245,1002.88,76.0881,377.421,17914,17914,652,503.002,0.2,983,165463,155523,9940,8957,0,93.9926,0,0.16836,901,0,100,ns-allinone-3.29/ns-3.29/results/corrected-security-campaign/sba_n20_gm3d_s3001_bz0.2/sba_n20_gm3d_s3001_bz20.csv
sba,20,gm3d,3002,30,94.518,app,529,500,0,0,0.558,41.4208,1037.01,77.3024,404.762,18214,18214,638,502.967,0.1,453,169597,160037,9560,9107,0,94.3631,0,0.159218,985,0,100,ns-allinone-3.29/ns-3.29/results/corrected-security-campaign/sba_n20_gm3d_s3002_bz0.1/sba_n20_gm3d_s3002_bz10.csv
sba,20,gm3d,3002,30,94.4444,app,558,527,0,0,0.624288,44.1003,985.822,75.9887,380.383,18140,18140,638,503.25,0.2,1010,172491,162411,10080,9070,0,94.1562,0,0.156119,776,0,100,ns-allinone-3.29/ns-3.29/results/corrected-security-campaign/sba_n20_gm3d_s3002_bz0.2/sba_n20_gm3d_s3002_bz20.csv
sba,20,gm3d,3003,30,94.6827,app,583,552,0,0,0.748188,48.8448,943.158,74.2669,344.195,19988,19988,641,504.364,0.1,526,180366,169845,10521,9994,1,94.1669,0.010005,0.122173,1023,1,99.9023,ns-allinone-3.29/ns-3.29/results/corrected-security-campaign/sba_n20_gm3d_s3003_bz0.1/sba_n20_gm3d_s3003_bz10.csv
sba,20,gm3d,3003,30,94.3925,app,535,505,0,0,0.677228,42.9739,1009.85,76.6568,390.067,17378,17378,641,502.88,0.2,950,164693,155053,9640,8689,1,94.1467,0.0115075,0.111175,763,1,99.8691,ns-allinone-3.29/ns-3.29/results/corrected-security-campaign/sba_n20_gm3d_s3003_bz0.2/sba_n20_gm3d_s3003_bz20.csv
sba,20,gm3d,3004,30,94.1581,app,582,548,0,0,0.759124,47.5819,943.684,74.7508,353.162,19542,19542,639,504.123,0.1,491,179083,168821,10262,9771,0,94.2697,0,0.153106,993,0,100,ns-allinone-3.29/ns-3.29/results/corrected-security-campaign/sba_n20_gm3d_s3004_bz0.1/sba_n20_gm3d_s3004_bz10.csv
sba,20,gm3d,3004,30,95.9528,app,593,569,0,0,0.852373,47.9403,917.809,74.9307,350.606,19556,19556,639,504.244,0.2,1063,181262,170421,10841,9778,0,94.0192,0,0.149417,911,0,100,ns-allinone-3.29/ns-3.29/results/corrected-security-campaign/sba_n20_gm3d_s3004_bz0.2/sba_n20_gm3d_s3004_bz20.csv
sba,20,gm3d,3005,30,94.1489,app,564,531,0,0,0.873823,46.6261,978.589,75.2086,360.342,19382,19382,648,504.041,0.1,509,177679,167478,10201,9691,1,94.2587,0.0103178,0.147972,1105,1,99.9096,ns-allinone-3.29/ns-3.29/results/corrected-security-campaign/sba_n20_gm3d_s3005_bz0.1/sba_n20_gm3d_s3005_bz10.csv
sba,20,gm3d,3005,30,94.9911,app,559,531,0,0,0.749529,45.7045,997.139,75.5934,367.18,18242,18242,648,503.454,0.2,1020,171095,160953,10142,9121,1,94.0723,0.0109625,0.142857,722,1,99.8617,ns-allinone-3.29/ns-3.29/results/corrected-security-campaign/sba_n20_gm3d_s3005_bz0.2/sba_n20_gm3d_s3005_bz20.csv
sba,20,rpgm,3001,30,95.9459,app,592,568,0,0,0.698944,46.9845,904.954,75.3712,357.346,20266,20266,636,503.692,0.1,586,174669,163949,10720,10133,1,93.8627,0.00986777,0.149314,807,1,99.8762,ns-allinone-3.29/ns-3.29/results/corrected-security-campaign/sba_n20_rpgm_s3001_bz0.1/sba_n20_rpgm_s3001_bz10.csv
sba,20,rpgm,3001,30,95,app,560,532,0,0,0.601504,45.5339,967.553,75.7707,368.334,18002,18002,636,503.15,0.2,1038,163190,153150,10040,9001,1,93.8477,0.0111086,0.141318,964,1,99.8964,ns-allinone-3.29/ns-3.29/results/corrected-security-campaign/sba_n20_rpgm_s3001_bz0.2/sba_n20_rpgm_s3001_bz20.csv
sba,20,rpgm,3002,30,95.2623,app,591,563,0,0,0.982238,48.9984,934.796,74.4572,343.308,20492,20492,640,504.647,0.1,533,182958,172178,10780,10246,1,94.1079,0.00975895,0.136834,1170,1,99.9146,ns-allinone-3.29/ns-3.29/results/corrected-security-campaign/sba_n20_rpgm_s3002_bz0.1/sba_n20_rpgm_s3002_bz10.csv
sba,20,rpgm,3002,30,95.3411,app,601,573,0,0,0.947644,46.7627,905.792,75.1697,359.231,19714,19714,640,503.957,0.2,1106,180134,169170,10964,9857,1,93.9134,0.010144,0.139799,1112,1,99.9102,ns-allinone-3.29/ns-3.29/results/corrected-security-campaign/sba_n20_rpgm_s3002_bz0.2/sba_n20_rpgm_s3002_bz20.csv
sba,20,rpgm,3003,30,94.6984,app,547,518,0,0,0.837838,44.0149,990.833,76.3814,381.42,18686,18686,628,503.645,0.1,480,172479,162656,9823,9343,0,94.3048,0,0.101252,1048,0,100,ns-allinone-3.29/ns-3.29/results/corrected-security-campaign/sba_n20_rpgm_s3003_bz0.1/sba_n20_rpgm_s3003_bz10.csv
sba,20,rpgm,3003,30,95.288,app,573,546,0,0,0.639194,46.9333,941.764,75.2541,357.692,18506,18506,628,503.63,0.2,1029,172019,161737,10282,9253,0,94.0228,0,0.0919702,818,0,100,ns-allinone-3.29/ns-3.29/results/corrected-security-campaign/sba_n20_rpgm_s3003_bz0.2/sba_n20_rpgm_s3003_bz20.csv
sba,20,rpgm,3004,30,95.416,app,589,562,0,0,1.0516,47.9915,929.127,74.5782,350.389,20790,20790,636,504.471,0.1,544,182254,171314,10940,10395,1,93.9974,0.00961908,0.145166,934,1,99.893,ns-allinone-3.29/ns-3.29/results/corrected-security-campaign/sba_n20_rpgm_s3004_bz0.1/sba_n20_rpgm_s3004_bz10.csv
sba,20,rpgm,3004,30,94.7635,app,592,561,0,0,0.948307,48.128,927.423,74.5145,349.007,19298,19298,636,503.911,0.2,1054,173833,163129,10704,9649,1,93.8424,0.0103627,0.136076,938,1,99.8935,ns-allinone-3.29/ns-3.29/results/corrected-security-campaign/sba_n20_rpgm_s3004_bz0.2/sba_n20_rpgm_s3004_bz20.csv
sba,20,rpgm,3005,30,95.0877,app,570,542,0,0,0.896679,45.8411,962.038,75.5606,366.428,19106,19106,641,503.924,0.1,506,175963,165903,10060,9553,1,94.2829,0.0104668,0.129697,1100,1,99.9092,ns-allinone-3.29/ns-3.29/results/corrected-security-campaign/sba_n20_rpgm_s3005_bz0.1/sba_n20_rpgm_s3005_bz10.csv
sba,20,rpgm,3005,30,95.2632,app,570,543,0,0,0.832413,45.5339,951.233,75.613,368.824,18684,18684,641,503.82,0.2,1037,175306,164926,10380,9342,1,94.0789,0.0107032,0.130914,970,1,99.897,ns-allinone-3.29/ns-3.29/results/corrected-security-campaign/sba_n20_rpgm_s3005_bz0.2/sba_n20_rpgm_s3005_bz20.csv
sf,20,gm3d,3001,30,93.8053,app,565,530,0,0,0.769811,46.2848,983.733,75.1309,361.006,19488,19488,652,501.273,0.1,536,151438,141158,10280,9744,0,93.2117,0,0.150862,805,0,100,ns-allinone-3.29/ns-3.29/results/corrected-security-campaign/sf_n20_gm3d_s3001_bz0.1/sf_n20_gm3d_s3001_bz10.csv
sf,20,gm3d,3001,30,95.4306,app,569,543,0,0,0.815838,47.9232,961.738,74.7508,348.791,18792,18792,652,501.456,0.2,1024,151591,141171,10420,9396,0,93.1262,0,0.155917,1068,0,100,ns-allinone-3.29/ns-3.29/results/corrected-security-campaign/sf_n20_gm3d_s3001_bz0.2/sf_n20_gm3d_s3001_bz20.csv
sf,20,gm3d,3002,30,94.5896,app,536,507,0,0,0.771203,43.9125,1037.21,76.2278,380.431,18272,18272,638,501.17,0.1,486,152692,143070,9622,9136,0,93.6984,0,0.166594,840,0,100,ns-allinone-3.29/ns-3.29/results/corrected-security-campaign/sf_n20_gm3d_s3002_bz0.1/sf_n20_gm3d_s3002_bz10.csv
sf,20,gm3d,3002,30,94.4938,app,563,532,0,0,0.798872,46.7797,970.143,75.105,357.32,18452,18452,638,501.459,0.2,1038,155946,145682,10264,9226,0,93.4182,0,0.169846,1067,0,100,ns-allinone-3.29/ns-3.29/results/corrected-security-campaign/sf_n20_gm3d_s3002_bz0.2/sf_n20_gm3d_s3002_bz20.csv
sf,20,gm3d,3003,30,95.5172,app,580,554,0,0,0.864621,48.1963,930.195,74.6932,346.856,19804,19804,640,501.515,0.1,518,156232,145812,10420,9902,0,93.3304,0,0.130782,929,0,100,ns-allinone-3.29/ns-3.29/results/corrected-security-campaign/sf_n20_gm3d_s3003_bz0.1/sf_n20_gm3d_s3003_bz10.csv
sf,20,gm3d,3003,30,94.4547,app,541,511,0,0,0.747554,43.4517,1014.66,76.4551,384.292,17628,17628,640,500.945,0.2,967,150025,140244,9781,8814,0,93.4804,0,0.131042,978,0,100,ns-allinone-3.29/ns-3.29/results/corrected-security-campaign/sf_n20_gm3d_s3003_bz0.2/sf_n20_gm3d_s3003_bz20.csv
sf,20,gm3d,3004,30,94.5614,app,570,539,0,0,0.766234,44.4757,960.287,75.9159,375.659,19094,19094,639,501.231,0.1,475,156325,146303,10022,9547,0,93.589,0,0.149157,898,0,100,ns-allinone-3.29/ns-3.29/results/corrected-security-campaign/sf_n20_gm3d_s3004_bz0.1/sf_n20_gm3d_s3004_bz10.csv
sf,20,gm3d,3004,30,94.5205,app,584,552,0,0,0.724638,45.5509,940.987,75.613,367.024,18884,18884,639,501.549,0.2,1044,159469,148983,10486,9442,0,93.4244,0,0.149227,888,0,100,ns-allinone-3.29/ns-3.29/results/corrected-security-campaign/sf_n20_gm3d_s3004_bz0.2/sf_n20_gm3d_s3004_bz20.csv
sf,20,gm3d,3005,30,94.5355,app,549,519,0,0,1.03468,44.6635,1001.54,76.0682,374.222,18992,18992,647,501.421,0.1,484,156289,146309,9980,9496,0,93.6144,0,0.158382,895,0,100,ns-allinone-3.29/ns-3.29/results/corrected-security-campaign/sf_n20_gm3d_s3005_bz0.1/sf_n20_gm3d_s3005_bz10.csv
sf,20,gm3d,3005,30,95.2632,app,570,543,0,0,0.893186,47.5648,954.535,74.9114,351.398,18464,18464,647,501.425,0.2,1011,154892,144649,10243,9232,0,93.387,0,0.141789,843,0,100,ns-allinone-3.29/ns-3.29/results/corrected-security-campaign/sf_n20_gm3d_s3005_bz0.2/sf_n20_gm3d_s3005_bz20.csv
sf,20,rpgm,3001,30,94.5035,app,564,533,0,0,0.893058,46.2677,970.788,75.4103,360.92,19022,19022,635,500.968,0.1,509,146470,136450,10020,9511,0,93.159,0,0.155084,933,0,100,ns-allinone-3.29/ns-3.29/results/corrected-security-campaign/sf_n20_rpgm_s3001_bz0.1/sf_n20_rpgm_s3001_bz10.csv
sf,20,rpgm,3001,30,95.0178,app,562,534,0,0,0.874532,46.8651,974.967,75.2866,356.245,18284,18284,635,500.864,0.2,1046,144879,134691,10188,9142,0,92.9679,0,0.14242,749,0,100,ns-allinone-3.29/ns-3.29/results/corrected-security-campaign/sf_n20_rpgm_s3001_bz0.2/sf_n20_rpgm_s3001_bz20.csv
sf,20,rpgm,3002,30,94.5133,app,565,534,0,0,1.00187,47.7696,969.049,74.8021,350.185,19616,19616,639,501.846,0.1,516,156522,146198,10324,9808,0,93.4041,0,0.147533,1079,0,100,ns-allinone-3.29/ns-3.29/results/corrected-security-campaign/sf_n20_rpgm_s3002_bz0.1/sf_n20_rpgm_s3002_bz10.csv
sf,20,rpgm,3002,30,95.1014,app,592,563,0,0,0.91119,47.9061,935.576,74.8792,349.11,19312,19312,639,501.736,0.2,1084,158606,147866,10740,9656,0,93.2285,0,0.148302,1121,0,100,ns-allinone-3.29/ns-3.29/results/corrected-security-campaign/sf_n20_rpgm_s3002_bz0.2/sf_n20_rpgm_s3002_bz20.csv
sf,20,rpgm,3003,30,94.6043,app,556,526,0,0,1.08175,44.7488,975.196,76.1081,373.487,19164,19164,628,501.393,0.1,502,153952,143868,10084,9582,0,93.4499,0,0.115529,930,0,100,ns-allinone-3.29/ns-3.29/results/corrected-security-campaign/sf_n20_rpgm_s3003_bz0.1/sf_n20_rpgm_s3003_bz10.csv
sf,20,rpgm,3003,30,94.7552,app,572,542,0,0,0.835793,46.2848,948.41,75.4625,361.179,18966,18966,628,501.513,0.2,1037,155301,144781,10520,9483,0,93.2261,0,0.0935358,904,0,100,ns-allinone-3.29/ns-3.29/results/corrected-security-campaign/sf_n20_rpgm_s3003_bz0.2/sf_n20_rpgm_s3003_bz20.csv
sf,20,rpgm,3004,30,94.5486,app,587,555,0,0,1.16577,49.5957,940.596,73.9394,337.304,20120,20120,635,501.864,0.1,520,155240,144660,10580,10060,0,93.1847,0,0.157256,750,0,100,ns-allinone-3.29/ns-3.29/results/corrected-security-campaign/sf_n20_rpgm_s3004_bz0.1/sf_n20_rpgm_s3004_bz10.csv
sf,20,rpgm,3004,30,94.7189,app,587,556,0,0,1.05935,48.4181,941.075,74.3049,345.336,19296,19296,635,501.616,0.2,1055,154098,143395,10703,9648,0,93.0544,0,0.128109,757,0,100,ns-allinone-3.29/ns-3.29/results/corrected-security-campaign/sf_n20_rpgm_s3004_bz0.2/sf_n20_rpgm_s3004_bz20.csv
sf,20,rpgm,3005,30,95,app,580,551,0,0,0.932849,45.1072,939.154,75.7378,370.681,20118,20118,640,501.612,0.1,541,160160,149560,10600,10059,0,93.3816,0,0.126056,1390,0,100,ns-allinone-3.29/ns-3.29/results/corrected-security-campaign/sf_n20_rpgm_s3005_bz0.1/sf_n20_rpgm_s3005_bz10.csv
sf,20,rpgm,3005,30,95.0257,app,583,554,0,0,0.929603,46.7115,926.33,75.0339,358.071,19004,19004,640,501.781,0.2,1058,157266,146706,10560,9502,0,93.2853,0,0.119343,1257,0,100,ns-allinone-3.29/ns-3.29/results/corrected-security-campaign/sf_n20_rpgm_s3005_bz0.2/sf_n20_rpgm_s3005_bz20.csv
