protocol,nUavs,mobility,seed,simTime,pdr,pdr_source,totalGenerated,totalDelivered,flowMonitorDelivered,flowMonitorLost,avgDelay,throughput,avgAoI,ctrlOverhead,energyPerBit,brr,broadcasts,suppressed,totalEnergy,byzFraction,dataReceptions,duplicateReceptions,uniquePacketsSeen,rebroadcasts,rebroadcastSuppressions,redundancyRatio,savedRebroadcastRatio,broadcastPathLength,emergencyForwarded,emergencySuppressed,emergencyNonSuppressionRate,__source
astro,10,gm3d,3001,30,100,app,258,258,237,0,13.0271,23.4667,1025.06,76.0218,350.571,400,400,340,246.802,0,16329,16129,200,200,0,98.7752,0,0.75,200,0,100,ns-allinone-3.29/ns-3.29/results/baseline-campaign/astro_n10_gm3d_s3001/astro_n10_gm3d_s3001_bz0.csv
astro,10,gm3d,3002,30,67.7165,app,254,172,152,50,0.372093,15.1381,1140.9,76.8934,543.29,420,420,336,246.732,0,16515,16305,210,210,0,98.7284,0,0.680952,210,0,100,ns-allinone-3.29/ns-3.29/results/baseline-campaign/astro_n10_gm3d_s3002/astro_n10_gm3d_s3002_bz0.csv
astro,10,gm3d,3003,30,81.5068,app,292,238,212,36,5.68487,20.5312,936.406,74.3746,400.693,520,520,333,246.801,0,17010,16750,260,260,0,98.4715,0,0.523077,260,0,100,ns-allinone-3.29/ns-3.29/results/baseline-campaign/astro_n10_gm3d_s3003/astro_n10_gm3d_s3003_bz0.csv
astro,10,gm3d,3004,30,38.6441,app,295,114,88,116,0.219298,8.6528,1161.51,74.9758,950.194,500,500,346,246.655,0,16751,16501,250,250,0,98.5076,0,0.656,250,0,100,ns-allinone-3.29/ns-3.29/results/baseline-campaign/astro_n10_gm3d_s3004/astro_n10_gm3d_s3004_bz0.csv
astro,10,gm3d,3005,30,63.4328,app,268,170,142,76,0.247059,13.9947,1251.54,75.863,587.683,560,560,334,246.733,0,16923,16643,280,280,0,98.3454,0,0.839286,280,0,100,ns-allinone-3.29/ns-3.29/results/baseline-campaign/astro_n10_gm3d_s3005/astro_n10_gm3d_s3005_bz0.csv
astro,10,rpgm,3001,30,60,app,280,168,131,76,0.22619,13.2779,1238.61,76.2345,619.507,722,722,333,246.772,0,17619,17258,361,361,0,97.9511,0,0.199446,361,0,100,ns-allinone-3.29/ns-3.29/results/baseline-campaign/astro_n10_rpgm_s3001/astro_n10_rpgm_s3001_bz0.csv
astro,10,rpgm,3002,30,12.945,app,309,40,0,179,0,1.36533,4550.47,74.4763,6021.01,800,800,336,246.621,0,18095,17695,400,400,0,97.7894,0,0.375,400,0,100,ns-allinone-3.29/ns-3.29/results/baseline-campaign/astro_n10_rpgm_s3002/astro_n10_rpgm_s3002_bz0.csv
astro,10,rpgm,3003,30,71.4286,app,287,205,178,61,0.268293,17.7664,1077.48,75.0145,462.924,540,540,332,246.735,0,16923,16653,270,270,0,98.4045,0,0.544444,270,0,100,ns-allinone-3.29/ns-3.29/results/baseline-campaign/astro_n10_rpgm_s3003/astro_n10_rpgm_s3003_bz0.csv
astro,10,rpgm,3004,30,71.3333,app,300,214,187,65,0.252336,18.7733,1082.62,73.5961,438.192,560,560,334,246.79,0,17036,16756,280,280,0,98.3564,0,0.496429,280,0,100,ns-allinone-3.29/ns-3.29/results/baseline-campaign/astro_n10_rpgm_s3004/astro_n10_rpgm_s3004_bz0.csv
astro,10,rpgm,3005,30,64.5614,app,285,184,155,80,0.222826,14.3701,1115.9,76.1413,572.365,540,540,342,246.749,0,17133,16863,270,270,0,98.4241,0,0.433333,270,0,100,ns-allinone-3.29/ns-3.29/results/baseline-campaign/astro_n10_rpgm_s3005/astro_n10_rpgm_s3005_bz0.csv
astro,20,gm3d,3001,30,36.2657,app,557,202,0,0,0.262376,15.5477,1569.63,75.3973,1059.99,1880,1880,652,494.413,0,60632,59692,940,940,0,98.4497,0,0.77234,940,0,100,ns-allinone-3.29/ns-3.29/results/baseline-campaign/astro_n20_gm3d_s3001/astro_n20_gm3d_s3001_bz0.csv
astro,20,gm3d,3002,30,38.4615,app,533,205,0,0,0.356098,15.7013,1494.49,76.8324,1050.88,2040,2040,638,495.009,0,70550,69530,1020,1020,0,98.5542,0,0.808824,1020,0,100,ns-allinone-3.29/ns-3.29/results/baseline-campaign/astro_n20_gm3d_s3002/astro_n20_gm3d_s3002_bz0.csv
astro,20,gm3d,3003,30,48.8656,app,573,280,0,0,0.321429,23.2619,1431.65,74.5591,709.19,1960,1960,640,494.912,0,65968,64988,980,980,0,98.5144,0,0.432653,980,0,100,ns-allinone-3.29/ns-3.29/results/baseline-campaign/astro_n20_gm3d_s3003/astro_n20_gm3d_s3003_bz0.csv
astro,20,gm3d,3004,30,38.9948,app,577,225,0,0,0.346667,16.1963,1464.53,75.8301,1018.96,2120,2120,639,495.1,0,70867,69807,1060,1060,0,98.5042,0,0.687736,1060,0,100,ns-allinone-3.29/ns-3.29/results/baseline-campaign/astro_n20_gm3d_s3004/astro_n20_gm3d_s3004_bz0.csv
astro,20,gm3d,3005,30,39.8113,app,530,211,0,0,0.483412,17.1691,1386.86,76.2612,961.116,1960,1960,647,495.044,0,69773,68793,980,980,0,98.5954,0,0.565306,980,0,100,ns-allinone-3.29/ns-3.29/results/baseline-campaign/astro_n20_gm3d_s3005/astro_n20_gm3d_s3005_bz0.csv
astro,20,rpgm,3001,30,64.2478,app,565,363,0,0,1.85675,28.5867,1347.99,76.3413,577.793,2640,2640,625,495.515,0,59816,58496,1320,1320,0,97.7932,0,0.630303,1320,0,100,ns-allinone-3.29/ns-3.29/results/baseline-campaign/astro_n20_rpgm_s3001/astro_n20_rpgm_s3001_bz0.csv
astro,20,rpgm,3002,30,98.6509,app,593,585,0,0,60.8103,51.3707,883.766,74.1406,321.577,2480,2480,639,495.589,0,68631,67391,1240,1240,0,98.1932,0,0.482258,1240,0,100,ns-allinone-3.29/ns-3.29/results/baseline-campaign/astro_n20_rpgm_s3002/astro_n20_rpgm_s3002_bz0.csv
astro,20,rpgm,3003,30,55.8824,app,578,323,0,0,0.560372,25.3611,1246.65,74.8021,650.683,2328,2328,628,495.061,0,66639,65475,1164,1164,0,98.2533,0,0.216495,1164,0,100,ns-allinone-3.29/ns-3.29/results/baseline-campaign/astro_n20_rpgm_s3003/astro_n20_rpgm_s3003_bz0.csv
astro,20,rpgm,3004,30,48.199,app,583,281,0,0,0.359431,22.7157,1276.61,74.3429,725.837,2120,2120,635,494.638,0,61894,60834,1060,1060,0,98.2874,0,0.529245,1060,0,100,ns-allinone-3.29/ns-3.29/results/baseline-campaign/astro_n20_rpgm_s3004/astro_n20_rpgm_s3004_bz0.csv
astro,20,rpgm,3005,30,94.3686,app,586,553,0,0,5.85172,47.3429,955.152,74.6996,349.537,2840,2840,650,496.443,0,69825,68405,1420,1420,0,97.9663,0,0.244366,1420,0,100,ns-allinone-3.29/ns-3.29/results/baseline-campaign/astro_n20_rpgm_s3005/astro_n20_rpgm_s3005_bz0.csv
cb,10,gm3d,3001,30,83.3333,app,258,215,194,31,0.302326,19.4901,1053.15,76.0218,421.973,90,90,495,246.729,0,15713,15513,200,45,155,98.7272,77.5,0.955556,45,155,22.5,ns-allinone-3.29/ns-3.29/results/baseline-campaign/cb_n10_gm3d_s3001/cb_n10_gm3d_s3001_bz0.csv
cb,10,gm3d,3002,30,64.9606,app,254,165,145,62,0.29697,14.1312,1235.36,76.8934,581.936,112,112,490,246.704,0,15764,15554,210,56,154,98.6679,73.3333,0.75,56,154,26.6667,ns-allinone-3.29/ns-3.29/results/baseline-campaign/cb_n10_gm3d_s3002/cb_n10_gm3d_s3002_bz0.csv
cb,10,gm3d,3003,30,81.5068,app,292,238,212,36,0.256303,20.5312,940.747,74.3746,400.604,132,132,527,246.747,0,15942,15682,260,66,194,98.3691,74.6154,0.636364,66,194,25.3846,ns-allinone-3.29/ns-3.29/results/baseline-campaign/cb_n10_gm3d_s3003/cb_n10_gm3d_s3003_bz0.csv
cb,10,gm3d,3004,30,38.6441,app,295,114,88,116,0.219298,8.6528,1161.51,74.9758,950.032,120,120,536,246.613,0,15866,15616,250,60,190,98.4243,76,1.3,60,190,24,ns-allinone-3.29/ns-3.29/results/baseline-campaign/cb_n10_gm3d_s3004/cb_n10_gm3d_s3004_bz0.csv
cb,10,gm3d,3005,30,100,app,268,268,240,0,26.5112,23.6715,1003.09,75.863,347.519,134,134,547,246.789,0,15987,15707,280,67,213,98.2486,76.0714,1.01493,67,213,23.9286,ns-allinone-3.29/ns-3.29/results/baseline-campaign/cb_n10_gm3d_s3005/cb_n10_gm3d_s3005_bz0.csv
cb,10,rpgm,3001,30,71.0714,app,280,199,161,55,0.271357,16.2133,1261.29,76.2345,507.22,166,166,620,246.712,0,16317,15947,370,83,287,97.7324,77.5676,0.457831,83,287,22.4324,ns-allinone-3.29/ns-3.29/results/baseline-campaign/cb_n10_rpgm_s3001/cb_n10_rpgm_s3001_bz0.csv
cb,10,rpgm,3002,30,21.0356,app,309,65,25,164,0.0615385,4.1472,2606.53,74.4763,1981.89,194,194,639,246.579,0,16486,16086,400,97,303,97.5737,75.75,0.57732,97,303,24.25,ns-allinone-3.29/ns-3.29/results/baseline-campaign/cb_n10_rpgm_s3002/cb_n10_rpgm_s3002_bz0.csv
cb,10,rpgm,3003,30,100,app,287,287,260,0,6.44251,24.7808,927.285,75.0145,331.931,122,122,541,246.765,0,15980,15710,270,61,209,98.3104,77.4074,0.704918,61,209,22.5926,ns-allinone-3.29/ns-3.29/results/baseline-campaign/cb_n10_rpgm_s3003/cb_n10_rpgm_s3003_bz0.csv
cb,10,rpgm,3004,30,80.6667,app,300,242,215,44,0.293388,21.4016,1064.1,73.5961,384.338,138,138,545,246.764,0,15963,15683,280,69,211,98.2459,75.3571,0.608696,69,211,24.6429,ns-allinone-3.29/ns-3.29/results/baseline-campaign/cb_n10_rpgm_s3004/cb_n10_rpgm_s3004_bz0.csv
cb,10,rpgm,3005,30,64.5614,app,285,184,155,80,0.233696,14.3701,1115.9,76.1413,572.226,118,118,553,246.689,0,15963,15693,270,59,211,98.3086,78.1481,0.898305,59,211,21.8519,ns-allinone-3.29/ns-3.29/results/baseline-campaign/cb_n10_rpgm_s3005/cb_n10_rpgm_s3005_bz0.csv
cb,20,gm3d,3001,30,71.9928,app,557,401,0,0,0.491272,34.3552,1153.73,75.3973,479.858,308,308,1438,494.568,0,54840,53900,940,154,786,98.2859,83.617,0.474026,154,786,16.383,ns-allinone-3.29/ns-3.29/results/baseline-campaign/cb_n20_gm3d_s3001/cb_n20_gm3d_s3001_bz0.csv
cb,20,gm3d,3002,30,37.5235,app,533,200,0,0,0.275,14.6603,1501.55,76.8324,1124.87,354,354,1481,494.727,0,64260,63240,1020,177,843,98.4127,82.6471,0.915254,177,843,17.3529,ns-allinone-3.29/ns-3.29/results/baseline-campaign/cb_n20_gm3d_s3002/cb_n20_gm3d_s3002_bz0.csv
cb,20,gm3d,3003,30,49.0401,app,573,281,0,0,0.266904,23.2277,1454.46,74.5591,709.881,316,316,1462,494.668,0,59907,58927,980,158,822,98.3641,83.8776,0.582278,158,822,16.1224,ns-allinone-3.29/ns-3.29/results/baseline-campaign/cb_n20_gm3d_s3003/cb_n20_gm3d_s3003_bz0.csv
cb,20,gm3d,3004,30,44.5407,app,577,257,0,0,0.338521,18.8587,1420.21,75.8301,874.725,320,320,1539,494.884,0,64419,63359,1060,160,900,98.3545,84.9057,0.525,160,900,15.0943,ns-allinone-3.29/ns-3.29/results/baseline-campaign/cb_n20_gm3d_s3004/cb_n20_gm3d_s3004_bz0.csv
cb,20,gm3d,3005,30,61.5094,app,530,326,0,0,0.5,26.3851,1180.08,76.2612,625.376,298,298,1478,495.018,0,63915,62935,980,149,831,98.4667,84.7959,0.577181,149,831,15.2041,ns-allinone-3.29/ns-3.29/results/baseline-campaign/cb_n20_gm3d_s3005/cb_n20_gm3d_s3005_bz0.csv
cb,20,rpgm,3001,30,92.9204,app,565,525,0,0,7.03238,42.9397,988.188,76.3413,384.645,464,464,1732,495.496,0,52632,51312,1320,232,1088,97.492,82.4242,0.646552,232,1088,17.5758,ns-allinone-3.29/ns-3.29/results/baseline-campaign/cb_n20_rpgm_s3001/cb_n20_rpgm_s3001_bz0.csv
cb,20,rpgm,3002,30,95.7841,app,593,568,0,0,40.6585,49.92,900.509,74.1406,330.709,376,376,1691,495.27,0,61115,59875,1240,188,1052,97.971,84.8387,0.62766,188,1052,15.1613,ns-allinone-3.29/ns-3.29/results/baseline-campaign/cb_n20_rpgm_s3002/cb_n20_rpgm_s3002_bz0.csv
cb,20,rpgm,3003,30,59.6886,app,578,345,0,0,0.518841,27.4944,1279.15,74.8021,599.896,384,384,1616,494.813,0,59366,58186,1180,192,988,98.0123,83.7288,0.395833,192,988,16.2712,ns-allinone-3.29/ns-3.29/results/baseline-campaign/cb_n20_rpgm_s3003/cb_n20_rpgm_s3003_bz0.csv
cb,20,rpgm,3004,30,53.1732,app,583,310,0,0,3.57097,25.1051,1186.77,74.3429,656.531,346,346,1522,494.467,0,55513,54453,1060,173,887,98.0905,83.6792,0.473988,173,887,16.3208,ns-allinone-3.29/ns-3.29/results/baseline-campaign/cb_n20_rpgm_s3004/cb_n20_rpgm_s3004_bz0.csv
cb,20,rpgm,3005,30,82.0819,app,586,481,0,0,2.0104,40.6699,1066.92,74.6996,406.51,436,436,1846,495.981,0,61044,59624,1420,218,1202,97.6738,84.6479,0.610092,218,1202,15.3521,ns-allinone-3.29/ns-3.29/results/baseline-campaign/cb_n20_rpgm_s3005/cb_n20_rpgm_s3005_bz0.csv
pr,10,gm3d,3001,30,100,app,258,258,237,0,9.07364,23.4667,1033.07,76.0218,350.559,228,228,426,246.793,0,16119,15919,200,114,86,98.7592,43,0.824561,114,86,57,ns-allinone-3.29/ns-3.29/results/baseline-campaign/pr_n10_gm3d_s3001/pr_n10_gm3d_s3001_bz0.csv
pr,10,gm3d,3002,30,59.4488,app,254,151,132,63,0.271523,12.3392,1318.32,76.8934,666.441,208,208,433,246.701,0,16011,15810,201,104,97,98.7446,48.2587,0.451923,104,97,51.7413,ns-allinone-3.29/ns-3.29/results/baseline-campaign/pr_n10_gm3d_s3002/pr_n10_gm3d_s3002_bz0.csv
pr,10,gm3d,3003,30,74.3151,app,292,217,191,51,33.3779,18.7733,904.822,74.3746,438.128,318,318,434,246.754,0,16498,16238,260,159,101,98.4241,38.8462,0.584906,159,101,61.1538,ns-allinone-3.29/ns-3.29/results/baseline-campaign/pr_n10_gm3d_s3003/pr_n10_gm3d_s3003_bz0.csv
pr,10,gm3d,3004,30,38.6441,app,295,114,88,116,0.219298,8.6528,1161.51,74.9758,950.122,288,288,452,246.637,0,16338,16088,250,144,106,98.4698,42.4,0.652778,144,106,57.6,ns-allinone-3.29/ns-3.29/results/baseline-campaign/pr_n10_gm3d_s3004/pr_n10_gm3d_s3004_bz0.csv
pr,10,gm3d,3005,30,81.3433,app,268,218,190,39,0.284404,19.1829,1083.6,75.863,428.797,330,330,449,246.767,0,16521,16241,280,165,115,98.3052,41.0714,0.709091,165,115,58.9286,ns-allinone-3.29/ns-3.29/results/baseline-campaign/pr_n10_gm3d_s3005/pr_n10_gm3d_s3005_bz0.csv
pr,10,rpgm,3001,30,99.2857,app,280,278,242,0,0.273381,23.1253,980.757,76.2345,355.805,400,400,489,246.843,0,16883,16527,356,200,156,97.8914,43.8202,0.2,200,156,56.1798,ns-allinone-3.29/ns-3.29/results/baseline-campaign/pr_n10_rpgm_s3001/pr_n10_rpgm_s3001_bz0.csv
pr,10,rpgm,3002,30,21.0356,app,309,65,25,164,0.0615385,4.1472,2606.53,74.4763,1981.97,450,450,511,246.589,0,17185,16785,400,225,175,97.6724,43.75,0.266667,225,175,56.25,ns-allinone-3.29/ns-3.29/results/baseline-campaign/pr_n10_rpgm_s3002/pr_n10_rpgm_s3002_bz0.csv
pr,10,rpgm,3003,30,71.4286,app,287,205,178,61,0.258537,17.7664,1077.49,75.0145,462.891,330,330,437,246.717,0,16548,16278,270,165,105,98.3684,38.8889,0.624242,165,105,61.1111,ns-allinone-3.29/ns-3.29/results/baseline-campaign/pr_n10_rpgm_s3003/pr_n10_rpgm_s3003_bz0.csv
pr,10,rpgm,3004,30,80.6667,app,300,242,215,44,0.285124,21.4016,1064.11,73.5961,384.379,322,322,453,246.79,0,16530,16250,280,161,119,98.3061,42.5,0.409938,161,119,57.5,ns-allinone-3.29/ns-3.29/results/baseline-campaign/pr_n10_rpgm_s3004/pr_n10_rpgm_s3004_bz0.csv
pr,10,rpgm,3005,30,55.4386,app,285,158,129,91,0.196203,12.4928,1195.89,76.1413,658.303,314,314,455,246.721,0,16422,16152,270,157,113,98.3559,41.8519,0.471338,157,113,58.1481,ns-allinone-3.29/ns-3.29/results/baseline-campaign/pr_n10_rpgm_s3005/pr_n10_rpgm_s3005_bz0.csv
pr,20,gm3d,3001,30,81.5081,app,557,454,0,0,0.599119,39.5435,1009.22,75.3973,417.114,1092,1092,1046,494.824,0,58522,57582,940,546,394,98.3938,41.9149,0.688645,546,394,58.0851,ns-allinone-3.29/ns-3.29/results/baseline-campaign/pr_n20_gm3d_s3001/pr_n20_gm3d_s3001_bz0.csv
pr,20,gm3d,3002,30,60.9756,app,533,325,0,0,0.350769,25.1051,1128.43,76.8324,657.427,1206,1206,1055,495.142,0,68084,67064,1020,603,417,98.5019,40.8824,0.72471,603,417,59.1176,ns-allinone-3.29/ns-3.29/results/baseline-campaign/pr_n20_gm3d_s3002/pr_n20_gm3d_s3002_bz0.csv
pr,20,gm3d,3003,30,47.644,app,573,273,0,0,0.300366,22.2549,1474.79,74.5591,741.142,1184,1184,1028,494.822,0,63710,62730,980,592,388,98.4618,39.5918,0.508446,592,388,60.4082,ns-allinone-3.29/ns-3.29/results/baseline-campaign/pr_n20_gm3d_s3003/pr_n20_gm3d_s3003_bz0.csv
pr,20,gm3d,3004,30,76.6031,app,577,442,0,0,0.597285,36.0448,1031.88,75.8301,458.133,1244,1244,1077,495.4,0,68338,67278,1060,622,438,98.4489,41.3208,0.689711,622,438,58.6792,ns-allinone-3.29/ns-3.29/results/baseline-campaign/pr_n20_gm3d_s3004/pr_n20_gm3d_s3004_bz0.csv
pr,20,gm3d,3005,30,78.6792,app,530,417,0,0,0.589928,36.3008,1106.73,76.2612,454.861,1174,1174,1023,495.355,0,67503,66540,963,587,376,98.5734,39.0447,0.432709,587,376,60.9553,ns-allinone-3.29/ns-3.29/results/baseline-campaign/pr_n20_gm3d_s3005/pr_n20_gm3d_s3005_bz0.csv
pr,20,rpgm,3001,30,54.8673,app,565,310,0,0,1.87097,23.3472,1557.33,76.3413,707.028,1502,1502,1217,495.214,0,57356,56036,1320,751,569,97.6986,43.1061,0.575233,751,569,56.8939,ns-allinone-3.29/ns-3.29/results/baseline-campaign/pr_n20_rpgm_s3001/pr_n20_rpgm_s3001_bz0.csv
pr,20,rpgm,3002,30,90.2192,app,593,535,0,0,41.4505,47.2064,921.814,74.1406,349.818,1450,1450,1154,495.409,0,65855,64615,1240,725,515,98.1171,41.5323,0.428966,725,515,58.4677,ns-allinone-3.29/ns-3.29/results/baseline-campaign/pr_n20_rpgm_s3002/pr_n20_rpgm_s3002_bz0.csv
pr,20,rpgm,3003,30,49.827,app,578,288,0,0,3.83333,22.8693,1258.77,74.8021,721.382,1400,1400,1092,494.926,0,64213,63049,1164,700,464,98.1873,39.8625,0.244286,700,464,60.1375,ns-allinone-3.29/ns-3.29/results/baseline-campaign/pr_n20_rpgm_s3003/pr_n20_rpgm_s3003_bz0.csv
pr,20,rpgm,3004,30,75.9863,app,583,443,0,0,2.79007,37.2053,977.962,74.3429,443.393,1244,1244,1073,494.898,0,59622,58562,1060,622,438,98.2221,41.3208,0.528939,622,438,58.6792,ns-allinone-3.29/ns-3.29/results/baseline-campaign/pr_n20_rpgm_s3004/pr_n20_rpgm_s3004_bz0.csv
pr,20,rpgm,3005,30,86.5188,app,586,507,0,0,1.97239,43.1275,1005.04,74.6996,383.552,1724,1724,1214,496.249,0,67095,65675,1420,862,558,97.8836,39.2958,0.360789,862,558,60.7042,ns-allinone-3.29/ns-3.29/results/baseline-campaign/pr_n20_rpgm_s3005/pr_n20_rpgm_s3005_bz0.csv
sba,10,gm3d,3001,30,58.9147,app,258,152,131,69,0.309211,13.8581,1211.63,76.0218,593.397,398,398,341,246.701,0,16420,16220,200,199,1,98.782,0.5,0.703518,199,1,99.5,ns-allinone-3.29/ns-3.29/results/baseline-campaign/sba_n10_gm3d_s3001/sba_n10_gm3d_s3001_bz0.csv
sba,10,gm3d,3002,30,100,app,254,254,234,0,4.29528,22.3573,1066.47,76.8934,368.007,418,418,337,246.83,0,16509,16299,210,209,1,98.728,0.47619,0.645933,209,1,99.5238,ns-allinone-3.29/ns-3.29/results/baseline-campaign/sba_n10_gm3d_s3002/sba_n10_gm3d_s3002_bz0.csv
sba,10,gm3d,3003,30,81.5068,app,292,238,212,36,5.67647,20.5312,936.402,74.3746,400.689,518,518,334,246.799,0,16999,16739,260,259,1,98.4705,0.384615,0.509653,259,1,99.6154,ns-allinone-3.29/ns-3.29/results/baseline-campaign/sba_n10_gm3d_s3003/sba_n10_gm3d_s3003_bz0.csv
sba,10,gm3d,3004,30,38.6441,app,295,114,88,116,0.219298,8.6528,1161.51,74.9758,950.193,500,500,346,246.655,0,16734,16484,250,250,0,98.506,0,0.656,250,0,100,ns-allinone-3.29/ns-3.29/results/baseline-campaign/sba_n10_gm3d_s3004/sba_n10_gm3d_s3004_bz0.csv
sba,10,gm3d,3005,30,64.9254,app,268,174,146,64,0.270115,14.4213,1191.29,75.863,570.329,558,558,335,246.747,0,17076,16796,280,279,1,98.3603,0.357143,0.784946,279,1,99.6429,ns-allinone-3.29/ns-3.29/results/baseline-campaign/sba_n10_gm3d_s3005/sba_n10_gm3d_s3005_bz0.csv
sba,10,rpgm,3001,30,75,app,280,210,172,49,0.285714,16.9472,1137.74,76.2345,485.425,738,738,334,246.798,0,17904,17534,370,369,1,97.9334,0.27027,0.246612,369,1,99.7297,ns-allinone-3.29/ns-3.29/results/baseline-campaign/sba_n10_rpgm_s3001/sba_n10_rpgm_s3001_bz0.csv
sba,10,rpgm,3002,30,12.945,app,309,40,0,179,0,1.36533,4550.47,74.4763,6022.21,798,798,337,246.67,0,18239,17839,400,399,1,97.8069,0.25,0.360902,399,1,99.75,ns-allinone-3.29/ns-3.29/results/baseline-campaign/sba_n10_rpgm_s3002/sba_n10_rpgm_s3002_bz0.csv
sba,10,rpgm,3003,30,80.1394,app,287,230,203,37,0.278261,19.7973,1029.27,75.0145,415.503,540,540,332,246.776,0,17196,16926,270,270,0,98.4299,0,0.544444,270,0,100,ns-allinone-3.29/ns-3.29/results/baseline-campaign/sba_n10_rpgm_s3003/sba_n10_rpgm_s3003_bz0.csv
sba,10,rpgm,3004,30,80.6667,app,300,242,215,44,0.289256,21.4016,1064.11,73.5961,384.433,558,558,335,246.824,0,17180,16900,280,279,1,98.3702,0.357143,0.491039,279,1,99.6429,ns-allinone-3.29/ns-3.29/results/baseline-campaign/sba_n10_rpgm_s3004/sba_n10_rpgm_s3004_bz0.csv
sba,10,rpgm,3005,30,64.5614,app,285,184,155,80,0.222826,14.3701,1115.91,76.1413,572.356,540,540,342,246.745,0,17033,16763,270,270,0,98.4148,0,0.433333,270,0,100,ns-allinone-3.29/ns-3.29/results/baseline-campaign/sba_n10_rpgm_s3005/sba_n10_rpgm_s3005_bz0.csv
sba,20,gm3d,3001,30,51.3465,app,557,286,0,0,0.503497,24.32,1218.61,75.3973,677.89,1880,1880,652,494.589,0,60566,59626,940,940,0,98.448,0,0.77234,940,0,100,ns-allinone-3.29/ns-3.29/results/baseline-campaign/sba_n20_gm3d_s3001/sba_n20_gm3d_s3001_bz0.csv
sba,20,gm3d,3002,30,49.7186,app,533,265,0,0,0.449057,20.6165,1352.87,76.8324,800.595,2040,2040,638,495.165,0,70314,69294,1020,1020,0,98.5494,0,0.807843,1020,0,100,ns-allinone-3.29/ns-3.29/results/baseline-campaign/sba_n20_gm3d_s3002/sba_n20_gm3d_s3002_bz0.csv
sba,20,gm3d,3003,30,42.4084,app,573,243,0,0,0.242798,19.8485,1556.32,74.5591,831.065,1918,1918,641,494.862,0,65911,64951,960,959,1,98.5435,0.104167,0.419187,959,1,99.8958,ns-allinone-3.29/ns-3.29/results/baseline-campaign/sba_n20_gm3d_s3003/sba_n20_gm3d_s3003_bz0.csv
sba,20,gm3d,3004,30,41.0745,app,577,237,0,0,0.329114,17.0667,1515.81,75.8301,967.034,2120,2120,639,495.121,0,70689,69629,1060,1060,0,98.5005,0,0.688679,1060,0,100,ns-allinone-3.29/ns-3.29/results/baseline-campaign/sba_n20_gm3d_s3004/sba_n20_gm3d_s3004_bz0.csv
sba,20,gm3d,3005,30,39.6226,app,530,210,0,0,0.747619,16.3499,1363.68,76.2612,1009.31,1958,1958,648,495.063,0,70063,69083,980,979,1,98.6013,0.102041,0.547497,979,1,99.898,ns-allinone-3.29/ns-3.29/results/baseline-campaign/sba_n20_gm3d_s3005/sba_n20_gm3d_s3005_bz0.csv
sba,20,rpgm,3001,30,93.6283,app,565,529,0,0,5.79962,43.6224,994.591,76.3413,378.926,2558,2558,643,495.89,0,61481,60201,1280,1279,1,97.9181,0.078125,0.577013,1279,1,99.9219,ns-allinone-3.29/ns-3.29/results/baseline-campaign/sba_n20_rpgm_s3001/sba_n20_rpgm_s3001_bz0.csv
sba,20,rpgm,3002,30,66.4418,app,593,394,0,0,0.347716,32.5973,1093.15,74.1406,506.462,2478,2478,640,495.279,0,70081,68841,1240,1239,1,98.2306,0.0806452,0.472155,1239,1,99.9194,ns-allinone-3.29/ns-3.29/results/baseline-campaign/sba_n20_rpgm_s3002/sba_n20_rpgm_s3002_bz0.csv
sba,20,rpgm,3003,30,65.0519,app,578,376,0,0,0.792553,31.4709,1078.43,74.8021,524.501,2328,2328,628,495.196,0,66880,65716,1164,1164,0,98.2596,0,0.214777,1164,0,100,ns-allinone-3.29/ns-3.29/results/baseline-campaign/sba_n20_rpgm_s3003/sba_n20_rpgm_s3003_bz0.csv
sba,20,rpgm,3004,30,51.6295,app,583,301,0,0,0.478405,22.4768,1278.21,74.3429,733.704,2118,2118,636,494.74,0,62839,61779,1060,1059,1,98.3131,0.0943396,0.499528,1059,1,99.9057,ns-allinone-3.29/ns-3.29/results/baseline-campaign/sba_n20_rpgm_s3004/sba_n20_rpgm_s3004_bz0.csv
sba,20,rpgm,3005,30,91.2969,app,586,535,0,0,6.73832,45.7557,993.307,74.6996,361.748,2838,2838,647,496.561,0,71597,70177,1420,1419,1,98.0167,0.0704225,0.235377,1419,1,99.9296,ns-allinone-3.29/ns-3.29/results/baseline-campaign/sba_n20_rpgm_s3005/sba_n20_rpgm_s3005_bz0.csv
sf,10,gm3d,3001,30,100,app,258,258,237,0,13.0271,23.4667,1025.06,76.0218,350.571,400,400,340,246.802,0,16329,16129,200,200,0,98.7752,0,0.75,200,0,100,ns-allinone-3.29/ns-3.29/results/baseline-campaign/sf_n10_gm3d_s3001/sf_n10_gm3d_s3001_bz0.csv
sf,10,gm3d,3002,30,67.7165,app,254,172,152,50,0.372093,15.1381,1140.9,76.8934,543.29,420,420,336,246.732,0,16515,16305,210,210,0,98.7284,0,0.680952,210,0,100,ns-allinone-3.29/ns-3.29/results/baseline-campaign/sf_n10_gm3d_s3002/sf_n10_gm3d_s3002_bz0.csv
sf,10,gm3d,3003,30,81.5068,app,292,238,212,36,5.68487,20.5312,936.406,74.3746,400.693,520,520,333,246.801,0,17010,16750,260,260,0,98.4715,0,0.523077,260,0,100,ns-allinone-3.29/ns-3.29/results/baseline-campaign/sf_n10_gm3d_s3003/sf_n10_gm3d_s3003_bz0.csv
sf,10,gm3d,3004,30,38.6441,app,295,114,88,116,0.219298,8.6528,1161.51,74.9758,950.194,500,500,346,246.655,0,16751,16501,250,250,0,98.5076,0,0.656,250,0,100,ns-allinone-3.29/ns-3.29/results/baseline-campaign/sf_n10_gm3d_s3004/sf_n10_gm3d_s3004_bz0.csv
sf,10,gm3d,3005,30,63.4328,app,268,170,142,76,0.247059,13.9947,1251.54,75.863,587.683,560,560,334,246.733,0,16923,16643,280,280,0,98.3454,0,0.839286,280,0,100,ns-allinone-3.29/ns-3.29/results/baseline-campaign/sf_n10_gm3d_s3005/sf_n10_gm3d_s3005_bz0.csv
sf,10,rpgm,3001,30,60,app,280,168,131,76,0.22619,13.2779,1238.61,76.2345,619.507,722,722,333,246.772,0,17619,17258,361,361,0,97.9511,0,0.199446,361,0,100,ns-allinone-3.29/ns-3.29/results/baseline-campaign/sf_n10_rpgm_s3001/sf_n10_rpgm_s3001_bz0.csv
sf,10,rpgm,3002,30,12.945,app,309,40,0,179,0,1.36533,4550.47,74.4763,6021.01,800,800,336,246.621,0,18095,17695,400,400,0,97.7894,0,0.375,400,0,100,ns-allinone-3.29/ns-3.29/results/baseline-campaign/sf_n10_rpgm_s3002/sf_n10_rpgm_s3002_bz0.csv
sf,10,rpgm,3003,30,71.4286,app,287,205,178,61,0.268293,17.7664,1077.48,75.0145,462.924,540,540,332,246.735,0,16923,16653,270,270,0,98.4045,0,0.544444,270,0,100,ns-allinone-3.29/ns-3.29/results/baseline-campaign/sf_n10_rpgm_s3003/sf_n10_rpgm_s3003_bz0.csv
sf,10,rpgm,3004,30,71.3333,app,300,214,187,65,0.252336,18.7733,1082.62,73.5961,438.192,560,560,334,246.79,0,17036,16756,280,280,0,98.3564,0,0.496429,280,0,100,ns-allinone-3.29/ns-3.29/results/baseline-campaign/sf_n10_rpgm_s3004/sf_n10_rpgm_s3004_bz0.csv
sf,10,rpgm,3005,30,64.5614,app,285,184,155,80,0.222826,14.3701,1115.9,76.1413,572.365,540,540,342,246.749,0,17133,16863,270,270,0,98.4241,0,0.433333,270,0,100,ns-allinone-3.29/ns-3.29/results/baseline-campaign/sf_n10_rpgm_s3005/sf_n10_rpgm_s3005_bz0.csv
sf,20,gm3d,3001,30,36.2657,app,557,202,0,0,0.262376,15.5477,1569.63,75.3973,1059.99,1880,1880,652,494.413,0,60632,59692,940,940,0,98.4497,0,0.77234,940,0,100,ns-allinone-3.29/ns-3.29/results/baseline-campaign/sf_n20_gm3d_s3001/sf_n20_gm3d_s3001_bz0.csv
sf,20,gm3d,3002,30,38.4615,app,533,205,0,0,0.356098,15.7013,1494.49,76.8324,1050.88,2040,2040,638,495.009,0,70550,69530,1020,1020,0,98.5542,0,0.808824,1020,0,100,ns-allinone-3.29/ns-3.29/results/baseline-campaign/sf_n20_gm3d_s3002/sf_n20_gm3d_s3002_bz0.csv
sf,20,gm3d,3003,30,48.8656,app,573,280,0,0,0.321429,23.2619,1431.65,74.5591,709.19,1960,1960,640,494.912,0,65968,64988,980,980,0,98.5144,0,0.432653,980,0,100,ns-allinone-3.29/ns-3.29/results/baseline-campaign/sf_n20_gm3d_s3003/sf_n20_gm3d_s3003_bz0.csv
sf,20,gm3d,3004,30,38.9948,app,577,225,0,0,0.346667,16.1963,1464.53,75.8301,1018.96,2120,2120,639,495.1,0,70867,69807,1060,1060,0,98.5042,0,0.687736,1060,0,100,ns-allinone-3.29/ns-3.29/results/baseline-campaign/sf_n20_gm3d_s3004/sf_n20_gm3d_s3004_bz0.csv
sf,20,gm3d,3005,30,39.8113,app,530,211,0,0,0.483412,17.1691,1386.86,76.2612,961.116,1960,1960,647,495.044,0,69773,68793,980,980,0,98.5954,0,0.565306,980,0,100,ns-allinone-3.29/ns-3.29/results/baseline-campaign/sf_n20_gm3d_s3005/sf_n20_gm3d_s3005_bz0.csv
sf,20,rpgm,3001,30,64.2478,app,565,363,0,0,1.85675,28.5867,1347.99,76.3413,577.793,2640,2640,625,495.515,0,59816,58496,1320,1320,0,97.7932,0,0.630303,1320,0,100,ns-allinone-3.29/ns-3.29/results/baseline-campaign/sf_n20_rpgm_s3001/sf_n20_rpgm_s3001_bz0.csv
sf,20,rpgm,3002,30,98.6509,app,593,585,0,0,60.8103,51.3707,883.766,74.1406,321.577,2480,2480,639,495.589,0,68631,67391,1240,1240,0,98.1932,0,0.482258,1240,0,100,ns-allinone-3.29/ns-3.29/results/baseline-campaign/sf_n20_rpgm_s3002/sf_n20_rpgm_s3002_bz0.csv
sf,20,rpgm,3003,30,55.8824,app,578,323,0,0,0.560372,25.3611,1246.65,74.8021,650.683,2328,2328,628,495.061,0,66639,65475,1164,1164,0,98.2533,0,0.216495,1164,0,100,ns-allinone-3.29/ns-3.29/results/baseline-campaign/sf_n20_rpgm_s3003/sf_n20_rpgm_s3003_bz0.csv
sf,20,rpgm,3004,30,48.199,app,583,281,0,0,0.359431,22.7157,1276.61,74.3429,725.837,2120,2120,635,494.638,0,61894,60834,1060,1060,0,98.2874,0,0.529245,1060,0,100,ns-allinone-3.29/ns-3.29/results/baseline-campaign/sf_n20_rpgm_s3004/sf_n20_rpgm_s3004_bz0.csv
sf,20,rpgm,3005,30,94.3686,app,586,553,0,0,5.85172,47.3429,955.152,74.6996,349.537,2840,2840,650,496.443,0,69825,68405,1420,1420,0,97.9663,0,0.244366,1420,0,100,ns-allinone-3.29/ns-3.29/results/baseline-campaign/sf_n20_rpgm_s3005/sf_n20_rpgm_s3005_bz0.csv
